Titolo,Descrizione,Data
Nella giuria della Mostra del cinema di Venezia anche Tornatore,Da Gray a Holland per decidere i premi con la presidenza Huppert,"Wed, 10 Jul 2024 12:26:01 +0200"
"Volantini Israele su Gaza City, 'abitanti andate via'","'Zona pericolosa, spostarsi verso sud in zone umanitarie'","Wed, 10 Jul 2024 12:09:34 +0200"
"Von der Leyen, 'non ci sarà alleanza strutturale con Ecr'","Fonti, lo ha assicurato nel corso della riunione con i Liberali","Wed, 10 Jul 2024 11:53:45 +0200"
"Istruttoria Antitrust sugli influencer, 6 nel mirino",Avviate anche iniziative di moral suasion per altri 4,"Wed, 10 Jul 2024 11:49:24 +0200"
"Berlino, inaccettabili attacchi Israele su scuole a Gaza",Ministero degli Esteri su X,"Wed, 10 Jul 2024 11:47:04 +0200"
Rapina con sparatoria in centro commerciale a Roma,"Obiettivo dei ladri una gioielleria, sono fuggiti","Wed, 10 Jul 2024 11:48:14 +0200"
"Budapest, informato Michel e altri su risultati visite pace","'Orban non ha mai parlato a nome dell'Ue', dice ministro Boka","Wed, 10 Jul 2024 11:42:02 +0200"
"Budapest, nessuna proposta per toglierci presidenza Ue",Lo ha detto il ministro ungherese per gli Affari europei Boka,"Wed, 10 Jul 2024 11:40:33 +0200"
"Due italiani in concorso a Locarno, Giordana fuori gara",Aprirà in Piazza Grande Le Déluge di Jodice con Cantet e Laurent,"Wed, 10 Jul 2024 11:12:56 +0200"
"Strage Erba, Olindo: 'Spero davvero in un nuovo processo'","A Brescia giudici in camera di consiglio, oggi la decisione","Wed, 10 Jul 2024 11:07:48 +0200"
